Time ,Num_fails,N_t,R_t,? 
200,8,112,0.9333,0.000345
400,7,105,0.875,0.0003338
600,7,98,0.8167,0.0003375
800,6,92,0.7667,0.0003321
1000,6,86,0.7167,0.0003331
1200,5,81,0.675,0.0003275
1400,5,76,0.6333,0.0003263
1600,5,71,0.5917,0.000328
1800,4,67,0.5583,0.0003238
2000,4,63,0.525,0.0003222
2200,3,60,0.5,0.0003151
2400,4,56,0.4667,0.0003176
2600,3,53,0.4417,0.0003143
2800,2,51,0.425,0.0003056
3000,2,49,0.4083,0.0002986
,,,,
